event_type,operation,path,count,errors,status_400,status_429,avg_duration_ms,max_duration_ms
appscript_call,health,,2,0,0,0,5059.4,6888.33
appscript_call,sync_schema,,1,0,0,0,6243.86,6243.86
llm_call,,,1,2,1,0,0.0,0.0
request,,/,1,0,0,0,3.23,3.23
request,,/api/import-assistant/generate,1,0,0,0,8521.07,8521.07
request,,/api/import-assistant/integrations/status,2,0,0,0,5062.45,6890.84
request,,/api/import-assistant/jobs,14,0,0,0,108.89,1381.61
request,,/api/import-assistant/zendesk/context,3,0,0,0,2986.29,5112.31
request,,/api/import-assistant/zendesk/validate,2,0,0,0,2391.96,2394.1
zendesk_http,reference_catalog_fetch,/api/v2/automations.json,3,0,0,0,585.26,739.48
zendesk_http,reference_catalog_fetch,/api/v2/brands.json,3,0,0,0,559.46,663.62
zendesk_http,reference_catalog_fetch,/api/v2/groups.json,3,0,0,0,566.2,767.57
zendesk_http,reference_catalog_fetch,/api/v2/help_center.json,1,1,0,0,1858.3,1858.3
zendesk_http,reference_catalog_fetch,/api/v2/help_center/articles.json?per_page=100,3,0,0,0,565.36,661.17
zendesk_http,reference_catalog_fetch,/api/v2/help_center/categories.json?per_page=100,3,0,0,0,561.82,672.78
zendesk_http,reference_catalog_fetch,/api/v2/help_center/help_center.json,1,1,0,0,1060.69,1060.69
zendesk_http,reference_catalog_fetch,/api/v2/help_center/help_centers.json,3,0,0,0,484.19,498.88
zendesk_http,reference_catalog_fetch,/api/v2/help_center/sections.json?per_page=100,3,0,0,0,610.01,794.47
zendesk_http,reference_catalog_fetch,/api/v2/macros.json,3,0,0,0,505.47,525.28
zendesk_http,reference_catalog_fetch,/api/v2/ticket_fields.json,3,0,0,0,645.57,686.34
zendesk_http,reference_catalog_fetch,/api/v2/ticket_forms.json,3,0,0,0,660.76,883.17
zendesk_http,reference_catalog_fetch,/api/v2/triggers.json,3,0,0,0,575.95,676.96
zendesk_http,reference_catalog_fetch,/api/v2/views.json,3,0,0,0,899.04,1204.56
zendesk_http,validate_credentials,/api/v2/users/me.json,2,0,0,0,1959.24,2373.39
